GROUP,PACKAGE,CLASS,INSTRUCTION_MISSED,INSTRUCTION_COVERED,BRANCH_MISSED,BRANCH_COVERED,LINE_MISSED,LINE_COVERED,COMPLEXITY_MISSED,COMPLEXITY_COVERED,METHOD_MISSED,METHOD_COVERED
JaCoCo Report/migration-adapter,io.vanillabp.integration.adapter.migration.processervice,MigrationProcessService,25,23,0,0,11,7,10,2,10,2
JaCoCo Report/migration-adapter,io.vanillabp.integration.config,WorkflowModuleAdapterProperties,15,0,0,0,6,0,2,0,2,0
JaCoCo Report/migration-adapter,io.vanillabp.integration.config,MigrationAdapterProperties,11,623,7,39,4,122,7,40,0,24
JaCoCo Report/migration-adapter,io.vanillabp.integration.config,MigrationAdapterProperties.new HashMap() {...},0,25,1,1,0,6,1,2,0,2
JaCoCo Report/vanillabp-spring-boot-support,io.vanillabp.integration.config,SpringBootMigrationAdapterTransformer,42,401,5,23,4,89,5,23,0,14
JaCoCo Report/vanillabp-spring-boot-support,io.vanillabp.integration.adapters,AdapterConfigurationBase,0,3,0,0,0,1,0,1,0,1
JaCoCo Report/vanillabp-spring-boot-support,io.vanillabp.integration.modules,WorkflowModuleProperties,3,12,0,0,1,5,1,2,1,2
JaCoCo Report/vanillabp-spring-boot-support,io.vanillabp.integration.utils,ClasspathScanner,10,260,2,26,2,58,3,20,1,8
JaCoCo Report/vanillabp-spring-boot-support,io.vanillabp.integration.processservice,SpringBootMigrationAdapterAutoConfiguration,10,95,0,0,4,41,0,7,0,7
